"id","name","link","dirty_name","Tm","Age","G","GS"
"RodgAa00","Aaron Rodgers","/players/R/RodgAa00.htm","Aaron Rodgers","GNB","30","9","9"
"SandAc00","Ace Sanders","/players/S/SandAc00.htm","Ace Sanders","JAX","22","15","5"
"SmitAl03","Alex Smith","/players/S/SmitAl03.htm","Alex Smith*","KAN","29","15","15"
"LuckAn00","Andrew Luck","/players/L/LuckAn00.htm","Andrew Luck*","IND","24","16","16"
"DaltAn00","Andy Dalton","/players/D/DaltAn00.htm","Andy Dalton","CIN","26","16","16"
"BrowAn04","Antonio Brown","/players/B/BrowAn04.htm","Antonio Brown*","PIT","25","16","14"
"RoetBe00","Ben Roethlisberger","/players/R/RoetBe00.htm","Ben Roethlisberger","PIT","31","16","16"
"PoweBi00","Bilal Powell","/players/P/PoweBi00.htm","Bilal Powell","NYJ","25","16","11"
"GabbBl00","Blaine Gabbert","/players/G/GabbBl00.htm","Blaine Gabbert","JAX","24","3","3"
"RainBo00","Bobby Rainey","/players/R/RainBo00.htm","Bobby Rainey","2TM","26","16","6"
"SmitBr01","Brad Smith","/players/S/SmitBr01.htm","Brad Smith","2TM","30","8","0"
"WeedBr00","Brandon Weeden","/players/W/WeedBr00.htm","Brandon Weeden","CLE","30","8","5"
"HoyeBr00","Brian Hoyer","/players/H/HoyeBr00.htm","Brian Hoyer","CLE","28","3","3"
"OsweBr00","Brock Osweiler","/players/O/OsweBr00.htm","Brock Osweiler","DEN","23","4","0"
"NewtCa00","Cam Newton","/players/N/NewtCa00.htm","Cam Newton*","CAR","24","16","16"
"PalmCa00","Carson Palmer","/players/P/PalmCa00.htm","Carson Palmer","ARI","34","16","16"
"KeenCa00","Case Keenum","/players/K/KeenCa00.htm","Case Keenum","HOU","25","8","8"
"HennCh01","Chad Henne","/players/H/HennCh01.htm","Chad Henne","JAX","28","15","13"
"DaniCh00","Chase Daniel","/players/D/DaniCh00.htm","Chase Daniel","KAN","27","5","1"
"PondCh00","Christian Ponder","/players/P/PondCh00.htm","Christian Ponder","MIN","25","9","9"
"KaepCo00","Colin Kaepernick","/players/K/KaepCo00.htm","Colin Kaepernick","SFO","26","16","16"
"McCoCo00","Colt McCoy","/players/M/McCoCo00.htm","Colt McCoy","SFO","27","4","0"
"PainCu00","Curtis Painter","/players/P/PainCu00.htm","Curtis Painter","NYG","28","3","0"
"McFaDa00","Darren McFadden","/players/M/McFaDa00.htm","Darren McFadden","OAK","26","10","7"
"RobiDe00","Denard Robinson","/players/R/RobiDe00.htm","Denard Robinson","JAX","23","16","0"
"DaviDo02","Dominique Davis","/players/D/DaviDo02.htm","Dominique Davis","ATL","24","11","3"
"BreeDr00","Drew Brees","/players/B/BreeDr00.htm","Drew Brees*","NOR","34","16","16"
"ManuEJ00","EJ Manuel","/players/M/ManuEJ00.htm","EJ Manuel","BUF","23","10","10"
"MannEl00","Eli Manning","/players/M/MannEl00.htm","Eli Manning","NYG","32","16","16"
"SmitGe00","Geno Smith","/players/S/SmitGe00.htm","Geno Smith","NYJ","23","16","16"
"LockJa00","Jake Locker","/players/L/LockJa00.htm","Jake Locker","TEN","25","7","7"
"CampJa00","Jason Campbell","/players/C/CampJa00.htm","Jason Campbell","CLE","32","9","8"
"CutlJa00","Jay Cutler","/players/C/CutlJa00.htm","Jay Cutler","CHI","30","11","11"
"TuelJe00","Jeff Tuel","/players/T/TuelJe00.htm","Jeff Tuel","BUF","22","2","1"
"KerlJe00","Jeremy Kerley","/players/K/KerlJe00.htm","Jeremy Kerley","NYJ","25","12","8"
"FlacJo00","Joe Flacco","/players/F/FlacJo00.htm","Joe Flacco","BAL","28","16","16"
"HekkJo00","Johnny Hekker","/players/H/HekkJo00.htm","Johnny Hekker*+","STL","23","16","0"
"BushJo00","Josh Bush","/players/B/BushJo00.htm","Josh Bush","NYJ","24","16","0"
"CribJo01","Josh Cribbs","/players/C/CribJo01.htm","Josh Cribbs","NYJ","30","6","0"
"FreeJo00","Josh Freeman","/players/F/FreeJo00.htm","Josh Freeman","2TM","25","4","4"
"McCoJo01","Josh McCown","/players/M/McCoJo01.htm","Josh McCown","CHI","34","8","5"
"ClemKe00","Kellen Clemens","/players/C/ClemKe00.htm","Kellen Clemens","STL","30","10","9"
"CousKi00","Kirk Cousins","/players/C/CousKi00.htm","Kirk Cousins","WAS","25","5","3"
"OrtoKy00","Kyle Orton","/players/O/OrtoKy00.htm","Kyle Orton","DAL","31","3","1"
"FitzLa00","Larry Fitzgerald","/players/F/FitzLa00.htm","Larry Fitzgerald*","ARI","30","16","16"
"McCoLu00","Luke McCown","/players/M/McCoLu00.htm","Luke McCown","NOR","32","16","0"
"ReecMa00","Marcel Reece","/players/R/ReecMa00.htm","Marcel Reece*","OAK","28","16","15"
"McBrMa20","Mat McBriar","/players/M/McBrMa20.htm","Mat McBriar","PIT","34","9","0"
"BarkMa00","Matt Barkley","/players/B/BarkMa00.htm","Matt Barkley","PHI","23","3","0"
"CassMa00","Matt Cassel","/players/C/CassMa00.htm","Matt Cassel","MIN","31","9","6"
"FlynMa00","Matt Flynn","/players/F/FlynMa00.htm","Matt Flynn","3TM","28","9","5"
"HassMa00","Matt Hasselbeck","/players/H/HassMa00.htm","Matt Hasselbeck","IND","38","3","0"
"McGlMa01","Matt McGloin","/players/M/McGlMa01.htm","Matt McGloin","OAK","24","7","6"
"MoorMa01","Matt Moore","/players/M/MoorMa01.htm","Matt Moore","MIA","29","1","0"
"RyanMa00","Matt Ryan","/players/R/RyanMa00.htm","Matt Ryan","ATL","28","16","16"
"SchaMa00","Matt Schaub","/players/S/SchaMa00.htm","Matt Schaub","HOU","32","10","8"
"SimmMa00","Matt Simms","/players/S/SimmMa00.htm","Matt Simms","NYJ","25","3","0"
"StafMa00","Matthew Stafford","/players/S/StafMa00.htm","Matthew Stafford","DET","25","16","16"
"DrewMa00","Maurice Jones-Drew","/players/D/DrewMa00.htm","Maurice Jones-Drew","JAX","28","15","15"
"koenemic01","Michael Koenen","/players/K/koenemic01.htm","Michael Koenen","TAM","31","16","0"
"VickMi00","Michael Vick","/players/V/VickMi00.htm","Michael Vick","PHI","33","7","6"
"GlenMi00","Mike Glennon","/players/G/GlenMi00.htm","Mike Glennon","TAM","24","13","13"
"JameMi00","Mike James","/players/J/JameMi00.htm","Mike James","TAM","","8","3"
"SanuMo00","Mohamed Sanu","/players/S/SanuMo00.htm","Mohamed Sanu","CIN","24","16","14"
"FoleNi00","Nick Foles","/players/F/FoleNi00.htm","Nick Foles*","PHI","24","13","10"
"PetePa00","Patrick Peterson","/players/P/PetePa00.htm","Patrick Peterson*+","ARI","23","16","16"
"MannPe00","Peyton Manning","/players/M/MannPe00.htm","Peyton Manning*+","DEN","37","16","16"
"RivePh00","Philip Rivers","/players/R/RivePh00.htm","Philip Rivers*","SDG","32","16","16"
"GrifRo01","Robert Griffin","/players/G/GrifRo01.htm","Robert Griffin","WAS","23","13","13"
"WilsRu00","Russell Wilson","/players/W/WilsRu00.htm","Russell Wilson*","SEA","25","16","16"
"FitzRy00","Ryan Fitzpatrick","/players/F/FitzRy00.htm","Ryan Fitzpatrick","TEN","31","11","9"
"TannRy00","Ryan Tannehill","/players/T/TannRy00.htm","Ryan Tannehill","MIA","25","16","16"
"BradSa00","Sam Bradford","/players/B/BradSa00.htm","Sam Bradford","STL","26","7","7"
"TolzSc00","Scott Tolzien","/players/T/TolzSc00.htm","Scott Tolzien","GNB","26","3","2"
"WallSe00","Seneca Wallace","/players/W/WallSe00.htm","Seneca Wallace","GNB","33","3","1"
"SchiSh99","Shann Schillinger","/players/S/SchiSh99.htm","Shann Schillinger","2TM","27","6","0"
"LannSp00","Spencer Lanning","/players/L/LannSp00.htm","Spencer Lanning","CLE","25","16","0"
"YateT.00","T.J. Yates","/players/Y/YateT.00.htm","T.J. Yates","HOU","26","3","0"
"JackTa00","Tarvaris Jackson","/players/J/JackTa00.htm","Tarvaris Jackson","SEA","30","4","0"
"AustTa00","Tavon Austin","/players/A/AustTa00.htm","Tavon Austin","STL","22","13","3"
"PryoTe00","Terrelle Pryor","/players/P/PryoTe00.htm","Terrelle Pryor","OAK","24","11","9"
"LewiTh01","Thaddeus Lewis","/players/L/LewiTh01.htm","Thaddeus Lewis","BUF","28","6","5"
"BradTo00","Tom Brady","/players/B/BradTo00.htm","Tom Brady*","NWE","36","16","16"
"RomoTo00","Tony Romo","/players/R/RomoTo00.htm","Tony Romo","DAL","33","15","15"
"TaylTy00","Tyrod Taylor","/players/T/TaylTy00.htm","Tyrod Taylor","BAL","24","3","0"
"JenkA.00","A.J. Jenkins","/players/J/JenkA.00.htm","A.J. Jenkins","KAN","24","16","1"
"PeteAd01","Adrian Peterson","/players/P/PeteAd01.htm","Adrian Peterson*","MIN","28","14","14"
"BradAh00","Ahmad Bradshaw","/players/B/BradAh00.htm","Ahmad Bradshaw","IND","27","3","2"
"RobiAl00","Aldrick Robinson","/players/R/RobiAl00.htm","Aldrick Robinson","WAS","25","16","1"
"GreeAl00","Alex Green","/players/G/GreeAl00.htm","Alex Green","NYJ","25","12","0"
"SmitAl22","Alfonso Smith","/players/S/SmitAl22.htm","Alfonso Smith","ARI","26","16","0"
"MorrAl00","Alfred Morris","/players/M/MorrAl00.htm","Alfred Morris*","WAS","25","16","16"
"JeffAl00","Alshon Jeffery","/players/J/JeffAl00.htm","Alshon Jeffery*","CHI","23","16","14"
"BrowAn03","Andre Brown","/players/B/BrowAn03.htm","Andre Brown","NYG","27","8","8"
"CaldAn00","Andre Caldwell","/players/C/CaldAn00.htm","Andre Caldwell","DEN","28","16","2"
"ElliAn00","Andre Ellington","/players/E/ElliAn00.htm","Andre Ellington","ARI","24","15","1"
"HawkAn00","Andrew Hawkins","/players/H/HawkAn00.htm","Andrew Hawkins","CIN","27","8","0"
"BoldAn00","Anquan Boldin","/players/B/BoldAn00.htm","Anquan Boldin","SFO","33","16","16"
"DixoAn00","Anthony Dixon","/players/D/DixoAn00.htm","Anthony Dixon","SFO","26","16","1"
"SherAn00","Anthony Sherman","/players/S/SherAn00.htm","Anthony Sherman","KAN","25","16","7"
"SmitAn01","Antone Smith","/players/S/SmitAn01.htm","Antone Smith","ATL","28","15","0"
"FostAr00","Arian Foster","/players/F/FostAr00.htm","Arian Foster","HOU","27","8","8"
"EdwaAr00","Armanti Edwards","/players/E/EdwaAr00.htm","Armanti Edwards","2TM","25","6","0"
"SmitAr00","Armond Smith","/players/S/SmitAr00.htm","Armond Smith","CAR","27","5","0"
"PascBe00","Bear Pascoe","/players/P/PascBe00.htm","Bear Pascoe","NYG","27","16","5"
"TateBe00","Ben Tate","/players/T/TateBe00.htm","Ben Tate","HOU","25","14","7"
"GreeBe00","BenJarvus Green-Ellis","/players/G/GreeBe00.htm","BenJarvus Green-Ellis","CIN","28","16","16"
"CunnBe01","Benny Cunningham","/players/C/CunnBe01.htm","Benny Cunningham","STL","23","14","0"
"PierBe00","Bernard Pierce","/players/P/PierBe00.htm","Bernard Pierce","BAL","23","16","1"
"ScotBe00","Bernard Scott","/players/S/ScotBe00.htm","Bernard Scott","2TM","29","2","0"
"BoldBr00","Brandon Bolden","/players/B/BoldBr00.htm","Brandon Bolden","NWE","23","12","2"
"FielBr20","Brandon Fields","/players/F/FielBr20.htm","Brandon Fields*","MIA","29","16","0"
"JacoBr00","Brandon Jacobs","/players/J/JacoBr00.htm","Brandon Jacobs","NYG","31","7","1"
"LaFeBr00","Brandon LaFell","/players/L/LaFeBr00.htm","Brandon LaFell","CAR","27","16","16"
"KernBr20","Brett Kern","/players/K/KernBr20.htm","Brett Kern","TEN","27","16","0"
"LeonBr00","Brian Leonard","/players/L/LeonBr00.htm","Brian Leonard","TAM","29","16","1"
"MillBr02","Bruce Miller","/players/M/MillBr02.htm","Bruce Miller","SFO","26","14","13"
"AngeBr00","Bryan Anger","/players/A/AngeBr00.htm","Bryan Anger","JAX","25","16","0"
"BrowBr02","Bryce Brown","/players/B/BrowBr02.htm","Bryce Brown","PHI","22","16","1"
"AndeC.00","C.J. Anderson","/players/A/AndeC.00.htm","C.J. Anderson","DEN","22","4","0"
"SpilC.00","C.J. Spiller","/players/S/SpilC.00.htm","C.J. Spiller","BUF","26","15","10"
"PeerCe00","Cedric Peerman","/players/P/PeerCe00.htm","Cedric Peerman","CIN","27","16","0"
"ClayCh00","Charles Clay","/players/C/ClayCh00.htm","Charles Clay","MIA","24","16","15"
"WhitCh02","Charlie Whitehurst","/players/W/WhitCh02.htm","Charlie Whitehurst","SDG","31","2","0"
"GiveCh00","Chris Givens","/players/G/GiveCh00.htm","Chris Givens","STL","24","16","14"
"IvorCh00","Chris Ivory","/players/I/IvorCh00.htm","Chris Ivory","NYJ","25","15","6"
"JohnCh04","Chris Johnson","/players/J/JohnCh04.htm","Chris Johnson","TEN","28","16","16"
"MaraCh99","Chris Maragos","/players/M/MaraCh99.htm","Chris Maragos","SEA","26","16","0"
"OgboCh00","Chris Ogbonnaya","/players/O/OgboCh00.htm","Chris Ogbonnaya","CLE","27","16","7"
"PolkCh00","Chris Polk","/players/P/PolkCh00.htm","Chris Polk","PHI","24","15","0"
"MichCh00","Christine Michael","/players/M/MichCh00.htm","Christine Michael","SEA","23","3","0"
"WoodCi00","Cierre Wood","/players/W/WoodCi00.htm","Cierre Wood","2TM","22","5","0"
"PattCo00","Cordarrelle Patterson","/players/P/PattCo00.htm","Cordarrelle Patterson*+","MIN","22","16","5"
"LyncCo99","Corey Lynch","/players/L/LyncCo99.htm","Corey Lynch","2TM","28","8","0"
"GrayCy00","Cyrus Gray","/players/G/GrayCy00.htm","Cyrus Gray","KAN","24","16","0"
"ScotDa01","Da'Rel Scott","/players/S/ScotDa01.htm","Da'Rel Scott","NYG","25","5","1"
"RogeDa01","Da'Rick Rogers","/players/R/RogeDa01.htm","Da'Rick Rogers","IND","22","5","3"
"HerrDa00","Dan Herron","/players/H/HerrDa00.htm","Dan Herron","2TM","24","6","0"
"ThomDa03","Daniel Thomas","/players/T/ThomDa03.htm","Daniel Thomas","MIA","26","15","1"
"AmenDa00","Danny Amendola","/players/A/AmenDa00.htm","Danny Amendola","NWE","28","12","6"
"WoodDa02","Danny Woodhead","/players/W/WoodDa02.htm","Danny Woodhead","SDG","28","16","1"
"ReynDa00","Darius Reynaud","/players/R/ReynDa00.htm","Darius Reynaud","2TM","29","9","0"
"YounDa01","Darrel Young","/players/Y/YounDa01.htm","Darrel Young","WAS","26","13","7"
"SproDa00","Darren Sproles","/players/S/SproDa00.htm","Darren Sproles","NOR","30","15","4"
"HeywDa00","Darrius Heyward-Bey","/players/H/HeywDa00.htm","Darrius Heyward-Bey","IND","26","16","11"
"RichDa00","Daryl Richardson","/players/R/RichDa00.htm","Daryl Richardson","STL","23","7","3"
"GoldDa99","Dashon Goldson","/players/G/GoldDa99.htm","Dashon Goldson","TAM","29","13","13"
"BrutDa99","David Bruton","/players/B/BrutDa99.htm","David Bruton","DEN","26","16","0"
"WilsDa01","David Wilson","/players/W/WilsDa01.htm","David Wilson","NYG","22","5","4"
"WillDe02","DeAngelo Williams","/players/W/WillDe02.htm","DeAngelo Williams","CAR","30","15","15"
"KariDe00","Deji Karim","/players/K/KariDe00.htm","Deji Karim","HOU","27","7","0"
"MurrDe00","DeMarco Murray","/players/M/MurrDe00.htm","DeMarco Murray*","DAL","25","14","14"
"JohnDe02","Dennis Johnson","/players/J/JohnDe02.htm","Dennis Johnson","2TM","23","8","1"
"AndeDe00","Derek Anderson","/players/A/AndeDe00.htm","Derek Anderson","CAR","30","4","0"
"ColeDe00","Derrick Coleman","/players/C/ColeDe00.htm","Derrick Coleman","SEA","23","12","3"
"JackDe00","DeSean Jackson","/players/J/JackDe00.htm","DeSean Jackson*","PHI","27","16","16"
"McClDe00","Dexter McCluster","/players/M/McClDe00.htm","Dexter McCluster*","KAN","24","15","6"
"BryaDe01","Dez Bryant","/players/B/BryaDe01.htm","Dez Bryant*","DAL","25","16","16"
"BrowDo00","Donald Brown","/players/B/BrowDo00.htm","Donald Brown","IND","26","16","5"
"AverDo00","Donnie Avery","/players/A/AverDo00.htm","Donnie Avery","KAN","29","16","14"
"BaldDo00","Doug Baldwin","/players/B/BaldDo00.htm","Doug Baldwin","SEA","25","16","9"
"MartDo00","Doug Martin","/players/M/MartDo00.htm","Doug Martin","TAM","24","6","6"
"HarrDw00","Dwayne Harris","/players/H/HarrDw00.htm","Dwayne Harris","DAL","26","13","3"
"LacyEd00","Eddie Lacy","/players/L/LacyEd00.htm","Eddie Lacy*","GNB","22","15","15"
"RoyaEd00","Eddie Royal","/players/R/RoyaEd00.htm","Eddie Royal","SDG","27","15","5"
"BakeEd01","Edwin Baker","/players/B/BakeEd01.htm","Edwin Baker","3TM","22","3","2"
"SandEm00","Emmanuel Sanders","/players/S/SandEm00.htm","Emmanuel Sanders","PIT","26","16","11"
"PageEr00","Eric Page","/players/P/PageEr00.htm","Eric Page","TAM","22","16","1"
"WeddEr99","Eric Weddle","/players/W/WeddEr99.htm","Eric Weddle*","SDG","28","16","16"
"RoysEv00","Evan Royster","/players/R/RoysEv00.htm","Evan Royster","WAS","26","10","0"
"JoneFe00","Felix Jones","/players/J/JoneFe00.htm","Felix Jones","PIT","26","16","2"
"WhitFo00","Fozzy Whittaker","/players/W/WhitFo00.htm","Fozzy Whittaker","2TM","24","14","2"
"GoreFr00","Frank Gore","/players/G/GoreFr00.htm","Frank Gore*","SFO","30","16","16"
"SummFr00","Frank Summers","/players/S/SummFr00.htm","Frank Summers","BUF","28","15","9"
"JackFr02","Fred Jackson","/players/J/JackFr02.htm","Fred Jackson","BUF","32","16","6"
"BernGi00","Giovani Bernard","/players/B/BernGi00.htm","Giovani Bernard","CIN","22","16","0"
"TateGo00","Golden Tate","/players/T/TateGo00.htm","Golden Tate","SEA","25","16","13"
"JoneGr01","Greg Jones","/players/J/JoneGr01.htm","Greg Jones","HOU","32","16","5"
"RedmIs20","Isaac Redman","/players/R/RedmIs20.htm","Isaac Redman","PIT","29","4","1"
"PeadIs00","Isaiah Pead","/players/P/PeadIs00.htm","Isaiah Pead","STL","24","10","0"
"BattJa00","Jackie Battle","/players/B/BattJa00.htm","Jackie Battle","TEN","30","16","0"
"FordJa01","Jacoby Ford","/players/F/FordJa01.htm","Jacoby Ford","OAK","26","14","1"
"JoneJa03","Jacoby Jones","/players/J/JoneJa03.htm","Jacoby Jones","BAL","29","12","9"
"RodgJa00","Jacquizz Rodgers","/players/R/RodgJa00.htm","Jacquizz Rodgers","ATL","23","15","4"
"CharJa00","Jamaal Charles","/players/C/CharJa00.htm","Jamaal Charles*+","KAN","27","15","15"
"DeveJa00","James Develin","/players/D/DeveJa00.htm","James Develin","NWE","25","16","6"
"StarJa00","James Starks","/players/S/StarJa00.htm","James Starks","GNB","27","13","1"
"OlawJa00","Jamize Olawale","/players/O/OlawJa00.htm","Jamize Olawale","OAK","24","16","1"
"SnelJa00","Jason Snelling","/players/S/SnelJa00.htm","Jason Snelling","ATL","30","14","1"
"CollJe01","Jed Collins","/players/C/CollJe01.htm","Jed Collins","NOR","27","16","9"
"DempJe00","Jeff Demps","/players/D/DempJe00.htm","Jeff Demps","TAM","23","2","0"
"RossJe01","Jeremy Ross","/players/R/RossJe01.htm","Jeremy Ross","2TM","25","13","2"
"StewJe00","Jeremy Stewart","/players/S/StewJe00.htm","Jeremy Stewart","OAK","24","13","0"
"JernJe00","Jerrel Jernigan","/players/J/JernJe00.htm","Jerrel Jernigan","NYG","24","15","3"
"CotcJe00","Jerricho Cotchery","/players/C/CotcJe00.htm","Jerricho Cotchery","PIT","31","16","6"
"KuhnJo00","John Kuhn","/players/K/KuhnJo00.htm","John Kuhn","GNB","31","15","6"
"FranJo01","Johnathan Franklin","/players/F/FranJo01.htm","Johnathan Franklin","GNB","24","11","0"
"BellJo01","Joique Bell","/players/B/BellJo01.htm","Joique Bell","DET","27","16","4"
"DwyeJo00","Jonathan Dwyer","/players/D/DwyeJo00.htm","Jonathan Dwyer","PIT","24","15","0"
"GrimJo01","Jonathan Grimes","/players/G/GrimJo01.htm","Jonathan Grimes","HOU","24","2","1"
"StewJo00","Jonathan Stewart","/players/S/StewJo00.htm","Jonathan Stewart","CAR","26","6","1"
"ReedJo02","Jordan Reed","/players/R/ReedJo02.htm","Jordan Reed","WAS","23","9","4"
"TodmJo00","Jordan Todman","/players/T/TodmJo00.htm","Jordan Todman","JAX","23","16","2"
"RandJo01","Joseph Randle","/players/R/RandJo01.htm","Joseph Randle","DAL","22","12","2"
"AubrJo00","Josh Aubrey","/players/A/AubrJo00.htm","Josh Aubrey","CLE","22","6","0"
"GordJo02","Josh Gordon","/players/G/GordJo02.htm","Josh Gordon*+","CLE","22","14","14"
"HillJo02","Josh Hill","/players/H/HillJo02.htm","Josh Hill","NOR","23","14","3"
"JohnJo05","Josh Johnson","/players/J/JohnJo05.htm","Josh Johnson","CIN","27","2","0"
"MorgJo00","Josh Morgan","/players/M/MorgJo00.htm","Josh Morgan","WAS","28","14","7"
"VaugJo01","Josh Vaughan","/players/V/VaugJo01.htm","Josh Vaughan","ATL","27","6","0"
"EdelJu00","Julian Edelman","/players/E/EdelJu00.htm","Julian Edelman","NWE","27","16","11"
"JoneJu02","Julio Jones","/players/J/JoneJu02.htm","Julio Jones","ATL","24","5","5"
"BlacJu00","Justin Blackmon","/players/B/BlacJu00.htm","Justin Blackmon","JAX","23","4","4"
"ForsJu00","Justin Forsett","/players/F/ForsJu00.htm","Justin Forsett","JAX","28","9","0"
"HuntKe00","Kendall Hunter","/players/H/HuntKe00.htm","Kendall Hunter","SFO","25","16","0"
"BarnKe00","Kenjon Barner","/players/B/BarnKe00.htm","Kenjon Barner","CAR","24","7","0"
"StilKe00","Kenny Stills","/players/S/StilKe00.htm","Kenny Stills","NOR","21","16","10"
"HubeKe20","Kevin Huber","/players/H/HubeKe20.htm","Kevin Huber","CIN","28","14","0"
"RobiKh00","Khiry Robinson","/players/R/RobiKh00.htm","Khiry Robinson","NOR","24","10","0"
"DaviKn00","Knile Davis","/players/D/DaviKn00.htm","Knile Davis","KAN","22","16","1"
"MoreKn00","Knowshon Moreno","/players/M/MoreKn00.htm","Knowshon Moreno","DEN","26","16","15"
"WillKy01","Kyle Williams","/players/W/WillKy01.htm","Kyle Williams","2TM","25","10","5"
"MillLa01","Lamar Miller","/players/M/MillLa01.htm","Lamar Miller","MIA","22","16","15"
"JameLa00","LaMichael James","/players/J/JameLa00.htm","LaMichael James","SFO","24","10","0"
"DunbLa00","Lance Dunbar","/players/D/DunbLa00.htm","Lance Dunbar","DAL","23","9","0"
"StepLa00","LaRod Stephens-Howling","/players/S/StepLa00.htm","LaRod Stephens-Howling","PIT","26","1","0"
"McClLe00","Le'Ron McClain","/players/M/McClLe00.htm","Le'Ron McClain","SDG","29","16","4"
"BellLe00","Le'Veon Bell","/players/B/BellLe00.htm","Le'Veon Bell","PIT","21","13","13"
"BlouLe00","LeGarrette Blount","/players/B/BlouLe00.htm","LeGarrette Blount","NWE","27","16","7"
"WashLe00","Leon Washington","/players/W/WashLe00.htm","Leon Washington","2TM","31","7","0"
"McCoLe01","LeSean McCoy","/players/M/McCoLe01.htm","LeSean McCoy*+","PHI","25","16","16"
"JennM.00","M.D. Jennings","/players/J/JennM.00.htm","M.D. Jennings","GNB","25","16","16"
"ThigMa00","Marcus Thigpen","/players/T/ThigMa00.htm","Marcus Thigpen","MIA","27","16","0"
"IngrMa01","Mark Ingram","/players/I/IngrMa01.htm","Mark Ingram","NOR","24","11","3"
"BrowMa00","Marlon Brown","/players/B/BrowMa00.htm","Marlon Brown","BAL","22","14","12"
"MoorMa02","Marlon Moore","/players/M/MoorMa02.htm","Marlon Moore","2TM","26","14","0"
"GrayMa00","MarQueis Gray","/players/G/GrayMa00.htm","MarQueis Gray","CLE","23","12","2"
"GoodMa00","Marquise Goodwin","/players/G/GoodMa00.htm","Marquise Goodwin","BUF","23","12","1"
"LyncMa00","Marshawn Lynch","/players/L/LyncMa00.htm","Marshawn Lynch*","SEA","27","16","16"
"JoneMa02","Marvin Jones","/players/J/JoneMa02.htm","Marvin Jones","CIN","23","16","3"
"AsiaMa00","Matt Asiata","/players/A/AsiaMa00.htm","Matt Asiata","MIN","26","11","1"
"FortMa00","Matt Forte","/players/F/FortMa00.htm","Matt Forte*","CHI","28","16","16"
"GiorMa20","Matt Giordano","/players/G/GiorMa20.htm","Matt Giordano","STL","31","16","2"
"BushMi00","Michael Bush","/players/B/BushMi00.htm","Michael Bush","CHI","29","15","0"
"CoxxMi00","Michael Cox","/players/C/CoxxMi00.htm","Michael Cox","NYG","24","14","1"
"HillMi00","Michael Hill","/players/H/HillMi00.htm","Michael Hill","2TM","24","8","0"
"RobiMi00","Michael Robinson","/players/R/RobiMi00.htm","Michael Robinson","SEA","30","9","3"
"GillMi00","Mike Gillislee","/players/G/GillMi00.htm","Mike Gillislee","MIA","23","3","0"
"GoodMi00","Mike Goodson","/players/G/GoodMi00.htm","Mike Goodson","NYJ","26","2","0"
"TolbMi00","Mike Tolbert","/players/T/TolbMi00.htm","Mike Tolbert*+","CAR","28","16","13"
"WallMi00","Mike Wallace","/players/W/WallMi00.htm","Mike Wallace","MIA","27","16","16"
"LeshMi00","Mikel Leshoure","/players/L/LeshMi00.htm","Mikel Leshoure","DET","23","3","0"
"BallMo00","Montee Ball","/players/B/BallMo00.htm","Montee Ball","DEN","23","16","0"
"BurlNa00","Nate Burleson","/players/B/BurlNa00.htm","Nate Burleson","DET","32","9","8"
"HillPe00","Peyton Hillis","/players/H/HillPe00.htm","Peyton Hillis","2TM","27","7","1"
"TannPh00","Phillip Tanner","/players/T/TannPh00.htm","Phillip Tanner","DAL","25","16","0"
"GarcPi00","Pierre Garcon","/players/G/GarcPi00.htm","Pierre Garcon","WAS","27","16","16"
"ThomPi00","Pierre Thomas","/players/T/ThomPi00.htm","Pierre Thomas","NOR","29","16","9"
"PattQu00","Quinton Patton","/players/P/PattQu00.htm","Quinton Patton","SFO","23","6","0"
"CobbRa00","Randall Cobb","/players/C/CobbRa00.htm","Randall Cobb","GNB","23","6","4"
"JennRa00","Rashad Jennings","/players/J/JennRa00.htm","Rashad Jennings","OAK","28","15","8"
"MendRa00","Rashard Mendenhall","/players/M/MendRa00.htm","Rashard Mendenhall","ARI","26","15","15"
"GrahRa00","Ray Graham","/players/G/GrahRa00.htm","Ray Graham","2TM","23","1","0"
"RiceRa00","Ray Rice","/players/R/RiceRa00.htm","Ray Rice","BAL","26","15","15"
"BushRe00","Reggie Bush","/players/B/BushRe00.htm","Reggie Bush","DET","28","14","14"
"WaynRe00","Reggie Wayne","/players/W/WaynRe00.htm","Reggie Wayne","IND","35","7","7"
"LockRi00","Ricardo Lockette","/players/L/LockRi00.htm","Ricardo Lockette","2TM","27","8","1"
"BrocRi00","Richie Brockel","/players/B/BrocRi00.htm","Richie Brockel","CAR","27","16","0"
"MeacRo00","Robert Meachem","/players/M/MeacRo00.htm","Robert Meachem","NOR","29","15","5"
"TurbRo00","Robert Turbin","/players/T/TurbRo00.htm","Robert Turbin","SEA","24","16","0"
"WoodRo02","Robert Woods","/players/W/WoodRo02.htm","Robert Woods","BUF","21","14","13"
"StreRo00","Rod Streater","/players/S/StreRo00.htm","Rod Streater","OAK","25","16","14"
"BrowRo05","Ronnie Brown","/players/B/BrowRo05.htm","Ronnie Brown","SDG","32","16","0"
"HillRo00","Ronnie Hillman","/players/H/HillRo00.htm","Ronnie Hillman","DEN","22","9","0"
"WingRo00","Ronnie Wingo","/players/W/WingRo00.htm","Ronnie Wingo","BUF","22","2","0"
"HeluRo00","Roy Jr. Helu","/players/H/HeluRo00.htm","Roy Jr. Helu","WAS","25","16","0"
"MathRy00","Ryan Mathews","/players/M/MathRy00.htm","Ryan Mathews","SDG","26","16","15"
"HakiSa00","Saalim Hakim","/players/H/HakiSa00.htm","Saalim Hakim","2TM","23","3","0"
"MartSa01","Sam Martin","/players/M/MartSa01.htm","Sam Martin","DET","23","16","0"
"MossSa00","Santana Moss","/players/M/MossSa00.htm","Santana Moss","WAS","34","16","1"
"VereSh00","Shane Vereen","/players/V/VereSh00.htm","Shane Vereen","NWE","24","8","1"
"DrauSh00","Shaun Draughn","/players/D/DrauSh00.htm","Shaun Draughn","BAL","26","3","0"
"HillSh00","Shaun Hill","/players/H/HillSh00.htm","Shaun Hill","DET","33","2","0"
"suishsha01","Shaun Suisham","/players/S/suishsha01.htm","Shaun Suisham","PIT","32","16","0"
"RichSh00","Sheldon Richardson","/players/R/RichSh00.htm","Sheldon Richardson","NYJ","23","16","15"
"KeoxSh00","Shiloh Keo","/players/K/KeoxSh00.htm","Shiloh Keo","HOU","26","16","11"
"GreeSh00","Shonn Greene","/players/G/GreeSh00.htm","Shonn Greene","TEN","28","11","0"
"DawsSk00","Skye Dawson","/players/D/DawsSk00.htm","Skye Dawson","TAM","23","7","0"
"WareSp00","Spencer Ware","/players/W/WareSp00.htm","Spencer Ware","SEA","22","2","0"
"HaviSt00","Stanley Havili","/players/H/HaviSt00.htm","Stanley Havili","IND","26","13","8"
"BailSt01","Stedman Bailey","/players/B/BailSt01.htm","Stedman Bailey","STL","23","16","2"
"TaylSt00","Stepfan Taylor","/players/T/TaylSt00.htm","Stepfan Taylor","ARI","22","16","0"
"BurtSt00","Stephen Burton","/players/B/BurtSt00.htm","Stephen Burton","JAX","24","4","2"
"RidlSt00","Stevan Ridley","/players/R/RidlSt00.htm","Stevan Ridley","NWE","24","14","6"
"JohnSt00","Steve Johnson","/players/J/JohnSt00.htm","Steve Johnson","BUF","27","12","12"
"WeatSt20","Steve Weatherford","/players/W/WeatSt20.htm","Steve Weatherford","NYG","31","16","0"
"JackSt00","Steven Jackson","/players/J/JackSt00.htm","Steven Jackson","ATL","30","12","12"
"GrahT.00","T.J. Graham","/players/G/GrahT.00.htm","T.J. Graham","BUF","24","16","7"
"HiltT.00","T.Y. Hilton","/players/H/HiltT.00.htm","T.Y. Hilton","IND","24","16","10"
"JoneTa00","Taiwan Jones","/players/J/JoneTa00.htm","Taiwan Jones","OAK","25","16","0"
"ChoiTa00","Tashard Choice","/players/C/ChoiTa00.htm","Tashard Choice","2TM","29","15","0"
"GinnTe00","Ted Jr. Ginn","/players/G/GinnTe00.htm","Ted Jr. Ginn","CAR","28","16","2"
"WillTe01","Terrance Williams","/players/W/WillTe01.htm","Terrance Williams","DAL","24","16","8"
"RiddTh00","Theo Riddick","/players/R/RiddTh00.htm","Theo Riddick","DET","22","14","0"
"WrigTi01","Tim Wright","/players/W/WrigTi01.htm","Tim Wright","TAM","23","16","8"
"GerhTo00","Toby Gerhart","/players/G/GerhTo00.htm","Toby Gerhart","MIN","26","14","0"
"BohaTo00","Tommy Bohanon","/players/B/BohaTo00.htm","Tommy Bohanon","NYJ","23","16","8"
"BenjTr00","Travis Benjamin","/players/B/BenjTr00.htm","Travis Benjamin","CLE","24","8","3"
"RichTr00","Trent Richardson","/players/R/RichTr00.htm","Trent Richardson","2TM","22","16","10"
"HollTr00","Trindon Holliday","/players/H/HollTr00.htm","Trindon Holliday","DEN","27","15","0"
"BallVi00","Vick Ballard","/players/B/BallVi00.htm","Vick Ballard","IND","23","1","1"
"JackVi00","Vincent Jackson","/players/J/JackVi00.htm","Vincent Jackson","TAM","30","16","16"
"LeacVo00","Vonta Leach","/players/L/LeacVo00.htm","Vonta Leach","BAL","32","16","7"
"TaufWi00","Will Ta'ufo'ou","/players/T/TaufWi00.htm","Will Ta'ufo'ou","JAX","27","16","7"
"McGaWi00","Willis McGahee","/players/M/McGaWi00.htm","Willis McGahee","CLE","32","12","6"
"StacZa00","Zac Stacy","/players/S/StacZa00.htm","Zac Stacy","STL","22","14","12"
"GreeA.00","A.J. Green","/players/G/GreeA.00.htm","A.J. Green*","CIN","25","16","16"
"DobsAa00","Aaron Dobson","/players/D/DobsAa00.htm","Aaron Dobson","NWE","22","12","9"
"SmitAl02","Alex Smith","/players/S/SmitAl02.htm","Alex Smith","CIN","31","16","1"
"ReisAl00","Allen Reisner","/players/R/ReisAl00.htm","Allen Reisner","JAX","25","5","3"
"HolmAn00","Andre Holmes","/players/H/HolmAn00.htm","Andre Holmes","OAK","25","10","4"
"JohnAn02","Andre Johnson","/players/J/JohnAn02.htm","Andre Johnson*","HOU","32","16","16"
"RobeAn00","Andre Roberts","/players/R/RobeAn00.htm","Andre Roberts","ARI","25","16","2"
"QuarAn00","Andrew Quarless","/players/Q/QuarAn00.htm","Andrew Quarless","GNB","25","16","10"
"FasaAn00","Anthony Fasano","/players/F/FasaAn00.htm","Anthony Fasano","KAN","29","9","9"
"GateAn00","Antonio Gates","/players/G/GateAn00.htm","Antonio Gates","SDG","33","16","15"
"CollAu00","Austin Collie","/players/C/CollAu00.htm","Austin Collie","NWE","28","7","1"
"PettAu00","Austin Pettis","/players/P/PettAu00.htm","Austin Pettis","STL","25","16","6"
"ObomBe00","Ben Obomanu","/players/O/ObomBe00.htm","Ben Obomanu","NYJ","30","3","0"
"WatsBe00","Ben Watson","/players/W/WatsBe00.htm","Ben Watson","NOR","33","15","7"
"BajeBi00","Billy Bajema","/players/B/BajeBi00.htm","Billy Bajema","BAL","31","6","1"
"MeesBr20","Brad Meester","/players/M/MeesBr20.htm","Brad Meester","JAX","36","16","16"
"EwinBr00","Bradie Ewing","/players/E/EwinBr00.htm","Bradie Ewing","ATL","24","2","2"
"BostBr00","Brandon Bostick","/players/B/BostBr00.htm","Brandon Bostick","GNB","24","11","0"
"GibsBr00","Brandon Gibson","/players/G/GibsBr00.htm","Brandon Gibson","MIA","26","7","2"
"MarsBr00","Brandon Marshall","/players/M/MarsBr00.htm","Brandon Marshall*","CHI","29","16","16"
"MyerBr00","Brandon Myers","/players/M/MyerBr00.htm","Brandon Myers","NYG","28","16","14"
"PettBr00","Brandon Pettigrew","/players/P/PettBr00.htm","Brandon Pettigrew","DET","28","14","14"
"StokBr00","Brandon Stokley","/players/S/StokBr00.htm","Brandon Stokley","BAL","37","6","0"
"TateBr00","Brandon Tate","/players/T/TateBr00.htm","Brandon Tate","CIN","26","16","0"
"CeleBr00","Brent Celek","/players/C/CeleBr00.htm","Brent Celek","PHI","28","16","15"
"HartBr00","Brian Hartline","/players/H/HartBr00.htm","Brian Hartline","MIA","27","16","15"
"QuicBr00","Brian Quick","/players/Q/QuicBr00.htm","Brian Quick","STL","24","16","4"
"TymsBr00","Brian Tyms","/players/T/TymsBr00.htm","Brian Tyms","2TM","24","7","0"
"ButlBr00","Brice Butler","/players/B/ButlBr00.htm","Brice Butler","OAK","23","10","2"
"GoldBr00","Brittan Golden","/players/G/GoldBr00.htm","Brittan Golden","ARI","25","5","0"
"JohnCa00","Calvin Johnson","/players/J/JohnCa00.htm","Calvin Johnson*+","DET","28","14","14"
"ShorCe00","Cecil Shorts","/players/S/ShorCe00.htm","Cecil Shorts","JAX","26","13","13"
"HallCh00","Chad Hall","/players/H/HallCh00.htm","Chad Hall","KAN","27","9","0"
"FordCh00","Chase Ford","/players/F/FordCh00.htm","Chase Ford","MIN","23","9","0"
"ChekCh00","Chimdi Chekwa","/players/C/ChekCh00.htm","Chimdi Chekwa","OAK","25","15","1"
"GragCh00","Chris Gragg","/players/G/GragCh00.htm","Chris Gragg","BUF","23","9","1"
"HogaCh00","Chris Hogan","/players/H/HogaCh00.htm","Chris Hogan","BUF","25","16","0"
"OwusCh00","Chris Owusu","/players/O/OwusCh00.htm","Chris Owusu","TAM","23","9","4"
"HarbCl00","Clay Harbor","/players/H/HarbCl00.htm","Clay Harbor","JAX","26","16","7"
"GateCl00","Clyde Gates","/players/G/GateCl00.htm","Clyde Gates","NYJ","27","6","2"
"FleeCo00","Coby Fleener","/players/F/FleeCo00.htm","Coby Fleener","IND","25","16","12"
"BeasCo00","Cole Beasley","/players/B/BeasCo00.htm","Cole Beasley","DAL","24","14","3"
"MoonCo00","Collin Mooney","/players/M/MoonCo00.htm","Collin Mooney","TEN","27","12","4"
"HarkCo00","Cory Harkey","/players/H/HarkCo00.htm","Cory Harkey","STL","23","15","10"
"StevCr00","Craig Stevens","/players/S/StevCr00.htm","Craig Stevens","TEN","29","15","14"
"ClarDa00","Dallas Clark","/players/C/ClarDa00.htm","Dallas Clark","BAL","34","12","0"
"JohnDa04","Damaris Johnson","/players/J/JohnDa04.htm","Damaris Johnson","PHI","24","13","0"
"WillDa04","Damian Williams","/players/W/WillDa04.htm","Damian Williams","TEN","25","10","1"
"SanzDa00","Dane Sanzenbacher","/players/S/SanzDa00.htm","Dane Sanzenbacher","CIN","25","10","1"
"NoblDa00","Danny Noble","/players/N/NoblDa00.htm","Danny Noble","2TM","24","8","1"
"RosaDa00","Dante Rosario","/players/R/RosaDa00.htm","Dante Rosario","CHI","29","15","3"
"JohnDa06","Darius Johnson","/players/J/JohnDa06.htm","Darius Johnson","ATL","22","10","2"
"JohnDa05","David Johnson","/players/J/JohnDa05.htm","David Johnson","PIT","26","5","2"
"NelsDa01","David Nelson","/players/N/NelsDa01.htm","David Nelson","NYJ","27","12","6"
"PaulDa01","David Paulson","/players/P/PaulDa01.htm","David Paulson","PIT","24","16","4"
"ReedDa00","David Reed","/players/R/ReedDa00.htm","David Reed","IND","26","7","0"
"BessDa00","Davone Bess","/players/B/BessDa00.htm","Davone Bess","CLE","28","14","3"
"HopkDe00","DeAndre Hopkins","/players/H/HopkDe00.htm","DeAndre Hopkins","HOU","21","16","16"
"WalkHu00","Delanie Walker","/players/W/WalkHu00.htm","Delanie Walker","TEN","29","15","11"
"ThomDe03","Demaryius Thomas","/players/T/ThomDe03.htm","Demaryius Thomas*","DEN","26","16","16"
"MoorDe02","Denarius Moore","/players/M/MoorDe02.htm","Denarius Moore","OAK","25","13","10"
"PittDe00","Dennis Pitta","/players/P/PittDe00.htm","Dennis Pitta","BAL","28","4","1"
"ThomDe04","Deonte Thompson","/players/T/ThomDe04.htm","Deonte Thompson","BAL","24","7","0"
"MoyeDe00","Derek Moye","/players/M/MoyeDe00.htm","Derek Moye","PIT","25","8","0"
"PoseDe00","DeVier Posey","/players/P/PoseDe00.htm","DeVier Posey","HOU","24","13","0"
"SimsDi00","Dion Sims","/players/S/SimsDi00.htm","Dion Sims","MIA","22","15","5"
"HixoDo00","Domenik Hixon","/players/H/HixoDo00.htm","Domenik Hixon","CAR","29","15","0"
"JoneDo01","Dominique Jones","/players/J/JoneDo01.htm","Dominique Jones","2TM","26","8","2"
"PennDo20","Donald Penn","/players/P/PennDo20.htm","Donald Penn","TAM","30","16","16"
"DickDo00","Dorin Dickerson","/players/D/DickDo00.htm","Dorin Dickerson","DET","25","5","0"
"DaviDr00","Drew Davis","/players/D/DaviDr00.htm","Drew Davis","ATL","24","14","0"
"AlleDw00","Dwayne Allen","/players/A/AlleDw00.htm","Dwayne Allen","IND","23","1","1"
"BoweDw00","Dwayne Bowe","/players/B/BoweDw00.htm","Dwayne Bowe","KAN","29","15","15"
"BennEa00","Earl Bennett","/players/B/BennEa00.htm","Earl Bennett","CHI","26","15","3"
"DickEd00","Ed Dickson","/players/D/DickEd00.htm","Ed Dickson","BAL","26","16","14"
"DeckEr00","Eric Decker","/players/D/DeckEr00.htm","Eric Decker","DEN","26","16","16"
"WeemEr00","Eric Weems","/players/W/WeemEr00.htm","Eric Weems","CHI","28","16","0"
"LoriEr99","Erik Lorig","/players/L/LoriEr99.htm","Erik Lorig","TAM","27","15","9"
"DaviFr01","Fred Davis","/players/D/DaviFr01.htm","Fred Davis","WAS","27","10","3"
"CeleGa00","Garrett Celek","/players/C/CeleGa00.htm","Garrett Celek","SFO","25","12","1"
"GrahGa00","Garrett Graham","/players/G/GrahGa00.htm","Garrett Graham","HOU","27","13","11"
"BarnGa01","Gary Barnidge","/players/B/BarnGa01.htm","Gary Barnidge","CLE","28","16","12"
"EscoGa00","Gavin Escobar","/players/E/EscoGa00.htm","Gavin Escobar","DAL","22","16","1"
"JennGr00","Greg Jennings","/players/J/JennGr00.htm","Greg Jennings","MIN","30","15","15"
"LittGr00","Greg Little","/players/L/LittGr00.htm","Greg Little","CLE","24","16","13"
"OlseGr00","Greg Olsen","/players/O/OlseGr00.htm","Greg Olsen","CAR","28","16","16"
"SalaGr00","Greg Salas","/players/S/SalaGr00.htm","Greg Salas","2TM","25","8","0"
"WhalGr00","Griff Whalen","/players/W/WhalGr00.htm","Griff Whalen","IND","23","9","3"
"NickHa01","Hakeem Nicks","/players/N/NickHa01.htm","Hakeem Nicks","NYG","25","15","15"
"DougHa00","Harry Douglas","/players/D/DougHa00.htm","Harry Douglas","ATL","29","16","11"
"MillHe00","Heath Miller","/players/M/MillHe00.htm","Heath Miller","PIT","31","14","14"
"HynoHe01","Henry Hynoski","/players/H/HynoHe01.htm","Henry Hynoski","NYG","25","3","2"
"DoylJa00","Jack Doyle","/players/D/DoylJa00.htm","Jack Doyle","IND","23","14","4"
"TammJa00","Jacob Tamme","/players/T/TammJa00.htm","Jacob Tamme","DEN","28","16","1"
"BallJa21","Jake Ballard","/players/B/BallJa21.htm","Jake Ballard","ARI","26","8","3"
"CaseJa00","James Casey","/players/C/CaseJa00.htm","James Casey","PHI","29","15","1"
"HannJa00","James Hanna","/players/H/HannJa00.htm","James Hanna","DAL","24","16","8"
"JoneJa04","James Jones","/players/J/JoneJa04.htm","James Jones","GNB","29","14","14"
"CookJa02","Jared Cook","/players/C/CookJa02.htm","Jared Cook","STL","26","16","13"
"WrigJa02","Jarius Wright","/players/W/WrigJa02.htm","Jarius Wright","MIN","24","16","3"
"BrowJa03","Jaron Brown","/players/B/BrowJa03.htm","Jaron Brown","ARI","23","16","0"
"BoykJa00","Jarrett Boykin","/players/B/BoykJa00.htm","Jarrett Boykin","GNB","24","16","8"
"AvanJa00","Jason Avant","/players/A/AvanJa00.htm","Jason Avant","PHI","30","16","14"
"WittJa00","Jason Witten","/players/W/WittJa00.htm","Jason Witten*","DAL","31","16","16"
"CumbJe00","Jeff Cumberland","/players/C/CumbJe00.htm","Jeff Cumberland","NYJ","26","15","12"
"MaehJe00","Jeff Maehl","/players/M/MaehJe00.htm","Jeff Maehl","PHI","24","16","0"
"EberJe00","Jeremy Ebert","/players/E/EberJe00.htm","Jeremy Ebert","JAX","24","6","0"
"GresJe00","Jermaine Gresham","/players/G/GresJe00.htm","Jermaine Gresham","CIN","25","14","14"
"KearJe01","Jermaine Kearse","/players/K/KearJe01.htm","Jermaine Kearse","SEA","23","15","5"
"FinlJe00","Jermichael Finley","/players/F/FinlJe00.htm","Jermichael Finley","GNB","26","6","5"
"FeltJe00","Jerome Felton","/players/F/FeltJe00.htm","Jerome Felton","MIN","27","13","10"
"SimpJe00","Jerome Simpson","/players/S/SimpJe00.htm","Jerome Simpson","MIN","27","16","9"
"MastJe20","Jeron Mastrud","/players/M/MastJe20.htm","Jeron Mastrud","OAK","26","16","12"
"DrayJi00","Jim Dray","/players/D/DrayJi00.htm","Jim Dray","ARI","27","16","15"
"GrahJi00","Jimmy Graham","/players/G/GrahJi00.htm","Jimmy Graham*+","NOR","27","16","11"
"BanyJo00","Joe Banyard","/players/B/BanyJo00.htm","Joe Banyard","MIN","25","3","0"
"StalJo20","Joe Staley","/players/S/StalJo20.htm","Joe Staley*","SFO","29","16","16"
"WebbJo00","Joe Webb","/players/W/WebbJo00.htm","Joe Webb","MIN","27","16","1"
"DreeJo00","Joel Dreessen","/players/D/DreeJo00.htm","Joel Dreessen","DEN","31","13","0"
"CarlJo00","John Carlson","/players/C/CarlJo00.htm","John Carlson","MIN","29","13","8"
"ConnJo00","John Conner","/players/C/ConnJo00.htm","John Conner","NYG","26","13","7"
"PhilJo00","John Phillips","/players/P/PhilJo00.htm","John Phillips","SDG","26","15","6"
"BaldJo00","Jonathan Baldwin","/players/B/BaldJo00.htm","Jonathan Baldwin","SFO","24","7","1"
"CameJo00","Jordan Cameron","/players/C/CameJo00.htm","Jordan Cameron*","CLE","25","15","14"
"NelsJo00","Jordy Nelson","/players/N/NelsJo00.htm","Jordy Nelson","GNB","28","16","16"
"FaurJo00","Joseph Fauria","/players/F/FaurJo00.htm","Joseph Fauria","DET","23","16","2"
"BoycJo00","Josh Boyce","/players/B/BoycJo00.htm","Josh Boyce","NWE","22","8","3"
"CoopJo00","Josh Cooper","/players/C/CoopJo00.htm","Josh Cooper","CLE","24","5","0"
"ThomJu00","Julius Thomas","/players/T/ThomJu00.htm","Julius Thomas*","DEN","25","14","14"
"HemiJu00","Junior Hemingway","/players/H/HemiJu00.htm","Junior Hemingway","KAN","25","16","2"
"CrinJu00","Juron Criner","/players/C/CrinJu00.htm","Juron Criner","OAK","24","1","0"
"CunnJu00","Justice Cunningham","/players/C/CunnJu00.htm","Justice Cunningham","2TM","22","2","0"
"HuntJu00","Justin Hunter","/players/H/HuntJu00.htm","Justin Hunter","TEN","22","14","0"
"OsgoKa00","Kassim Osgood","/players/O/OsgoKa00.htm","Kassim Osgood","SFO","33","14","0"
"AlleKe00","Keenan Allen","/players/A/AlleKe00.htm","Keenan Allen","SDG","21","15","14"
"DaviKe01","Kellen Davis","/players/D/DaviKe01.htm","Kellen Davis","SEA","28","15","4"
"WinsKe01","Kellen Jr. Winslow","/players/W/WinsKe01.htm","Kellen Jr. Winslow","NYJ","30","12","3"
"ThomKe02","Kenbrell Thompkins","/players/T/ThomKe02.htm","Kenbrell Thompkins","NWE","25","12","8"
"WrigKe01","Kendall Wright","/players/W/WrigKe01.htm","Kendall Wright","TEN","24","16","12"
"BritKe00","Kenny Britt","/players/B/BritKe00.htm","Kenny Britt","TEN","25","12","3"
"TaylKe00","Kerry Taylor","/players/T/TaylKe00.htm","Kerry Taylor","2TM","24","10","4"
"MartKe01","Keshawn Martin","/players/M/MartKe01.htm","Keshawn Martin","HOU","23","16","1"
"BrocKe00","Kevin Brock","/players/B/BrocKe00.htm","Kevin Brock","2TM","27","8","0"
"ConeKe00","Kevin Cone","/players/C/ConeKe00.htm","Kevin Cone","ATL","25","16","0"
"OgleKe00","Kevin Ogletree","/players/O/OgleKe00.htm","Kevin Ogletree","2TM","26","16","2"
"ReulKo00","Konrad Reuland","/players/R/ReulKo00.htm","Konrad Reuland","NYJ","26","10","0"
"SperKo00","Kory Sperry","/players/S/SperKo00.htm","Kory Sperry","ARI","28","8","2"
"DurhKr00","Kris Durham","/players/D/DurhKr00.htm","Kris Durham","DET","25","16","13"
"LongKy00","Kyle Long","/players/L/LongKy00.htm","Kyle Long*","CHI","25","16","16"
"RudoKy00","Kyle Rudolph","/players/R/RudoKy00.htm","Kyle Rudolph","MIN","24","8","8"
"GreeLa00","Ladarius Green","/players/G/GreeLa00.htm","Ladarius Green","SDG","23","16","8"
"ThomLa02","Lamaar Thomas","/players/T/ThomLa02.htm","Lamaar Thomas","JAX","23","2","0"
"KendLa00","Lance Kendricks","/players/K/KendLa00.htm","Lance Kendricks","STL","25","15","13"
"MoorLa00","Lance Moore","/players/M/MoorLa00.htm","Lance Moore","NOR","30","13","5"
"DonnLa00","Larry Donnell","/players/D/DonnLa00.htm","Larry Donnell","NYG","25","16","1"
"BrazLa00","LaVon Brazill","/players/B/BrazLa00.htm","LaVon Brazill","IND","24","10","0"
"SmitLe00","Lee Smith","/players/S/SmitLe00.htm","Lee Smith","BUF","26","16","14"
"HankLe00","Leonard Hankerson","/players/H/HankLe00.htm","Leonard Hankerson","WAS","25","10","7"
"JeanLe01","Lestar Jean","/players/J/JeanLe01.htm","Lestar Jean","HOU","25","11","0"
"ToilLe00","Levine Toilolo","/players/T/ToilLe00.htm","Levine Toilolo","ATL","22","15","2"
"PaulLo00","Logan Paulsen","/players/P/PaulLo00.htm","Logan Paulsen","WAS","26","16","14"
"MurpLo00","Louis Murphy","/players/M/MurpLo00.htm","Louis Murphy","NYG","26","14","0"
"WillLu00","Luke Willson","/players/W/WillLu00.htm","Luke Willson","SEA","23","16","7"
"FloyMa00","Malcom Floyd","/players/F/FloyMa00.htm","Malcom Floyd","SDG","32","2","2"
"LewiMa00","Marcedes Lewis","/players/L/LewiMa00.htm","Marcedes Lewis","JAX","29","11","10"
"EaslMa00","Marcus Easley","/players/E/EaslMa00.htm","Marcus Easley","BUF","27","16","0"
"MannMa01","Mario Manningham","/players/M/MannMa01.htm","Mario Manningham","SFO","27","6","3"
"WheaMa00","Markus Wheaton","/players/W/WheaMa00.htm","Markus Wheaton","PIT","22","12","1"
"ColsMa00","Marques Colston","/players/C/ColsMa00.htm","Marques Colston","NOR","30","15","11"
"WilsMa02","Marquess Wilson","/players/W/WilsMa02.htm","Marquess Wilson","CHI","21","10","1"
"BennMa00","Martellus Bennett","/players/B/BennMa00.htm","Martellus Bennett","CHI","26","16","15"
"SpaeMa00","Matt Spaeth","/players/S/SpaeMa00.htm","Matt Spaeth","PIT","30","4","2"
"MullMa00","Matthew Mulligan","/players/M/MullMa00.htm","Matthew Mulligan","NWE","28","15","4"
"CrabMi00","Michael Crabtree","/players/C/CrabMi00.htm","Michael Crabtree","SFO","26","5","5"
"EgneMi00","Michael Egnew","/players/E/EgneMi00.htm","Michael Egnew","MIA","24","15","5"
"FloyMi00","Michael Floyd","/players/F/FloyMi00.htm","Michael Floyd","ARI","24","16","16"
"HoomMi00","Michael Hoomanawanui","/players/H/HoomMi00.htm","Michael Hoomanawanui","NWE","25","13","10"
"PalmMi00","Michael Palmer","/players/P/PalmMi00.htm","Michael Palmer","PIT","25","16","0"
"PresMi00","Michael Preston","/players/P/PresMi00.htm","Michael Preston","TEN","24","7","0"
"BrowMi00","Mike Brown","/players/B/BrowMi00.htm","Mike Brown","JAX","24","11","6"
"McNeMi00","Mike McNeill","/players/M/McNeMi00.htm","Mike McNeill","STL","25","14","0"
"WillMi04","Mike Williams","/players/W/WillMi04.htm","Mike Williams","TAM","26","6","5"
"AustMi00","Miles Austin","/players/A/AustMi00.htm","Miles Austin","DAL","29","11","8"
"RiveMy00","Mychal Rivera","/players/R/RiveMy00.htm","Mychal Rivera","OAK","23","16","3"
"WhitMy00","Myles White","/players/W/WhitMy00.htm","Myles White","GNB","23","7","0"
"ByhaNa00","Nate Byham","/players/B/ByhaNa00.htm","Nate Byham","TAM","25","4","3"
"WashNa00","Nate Washington","/players/W/WashNa00.htm","Nate Washington","TEN","30","16","15"
"KasaNi00","Nick Kasa","/players/K/KasaNi00.htm","Nick Kasa","OAK","23","16","1"
"ToonNi00","Nick Toon","/players/T/ToonNi00.htm","Nick Toon","NOR","25","8","3"
"WillNi02","Nick Williams","/players/W/WillNi02.htm","Nick Williams","WAS","23","5","0"
"PaulNi00","Niles Paul","/players/P/PaulNi00.htm","Niles Paul","WAS","24","15","4"
"CharOr00","Orson Charles","/players/C/CharOr00.htm","Orson Charles","CIN","22","13","0"
"DaniOw00","Owen Daniels","/players/D/DaniOw00.htm","Owen Daniels","HOU","31","5","5"
"DiMaPa00","Patrick DiMarco","/players/D/DiMaPa00.htm","Patrick DiMarco","ATL","24","14","8"
"EdwaPa00","Patrick Edwards","/players/E/EdwaPa00.htm","Patrick Edwards","DET","25","4","2"
"HarvPe00","Percy Harvin","/players/H/HarvPe00.htm","Percy Harvin","SEA","25","1","0"
"ElliRh00","Rhett Ellison","/players/E/ElliRh00.htm","Rhett Ellison","MIN","25","11","5"
"GordRi00","Richard Gordon","/players/G/GordRi00.htm","Richard Gordon","2TM","26","2","0"
"CoopRi00","Riley Cooper","/players/C/CoopRi00.htm","Riley Cooper","PHI","26","16","15"
"MattRi00","Rishard Matthews","/players/M/MattRi00.htm","Rishard Matthews","MIA","24","16","5"
"GronRo00","Rob Gronkowski","/players/G/GronRo00.htm","Rob Gronkowski","NWE","24","7","6"
"HousRo01","Rob Housler","/players/H/HousRo01.htm","Rob Housler","ARI","25","13","10"
"HughRo00","Robert Hughes","/players/H/HughRo00.htm","Robert Hughes","2TM","24","2","0"
"WhitRo00","Roddy White","/players/W/WhitRo00.htm","Roddy White","ATL","32","13","13"
"RandRu00","Rueben Randle","/players/R/RandRu00.htm","Rueben Randle","NYG","22","16","3"
"BroyRy00","Ryan Broyles","/players/B/BroyRy00.htm","Ryan Broyles","DET","25","6","3"
"GrifRy00","Ryan Griffin","/players/G/GrifRy00.htm","Ryan Griffin","HOU","23","15","8"
"TaylRy00","Ryan Taylor","/players/T/TaylRy00.htm","Ryan Taylor","GNB","26","14","1"
"SateSa20","Samson Satele","/players/S/SateSa20.htm","Samson Satele","IND","29","13","13"
"HolmSa00","Santonio Holmes","/players/H/HolmSa00.htm","Santonio Holmes","NYJ","29","11","11"
"ChanSc00","Scott Chandler","/players/C/ChanSc00.htm","Scott Chandler","BUF","28","16","7"
"McGrSe00","Sean McGrath","/players/M/McGrSe00.htm","Sean McGrath","KAN","26","16","10"
"AjirSe00","Seyi Ajirotutu","/players/A/AjirSe00.htm","Seyi Ajirotutu","SDG","26","14","0"
"RiceSi01","Sidney Rice","/players/R/RiceSi01.htm","Sidney Rice","SEA","27","8","6"
"HillSt00","Stephen Hill","/players/H/HillSt00.htm","Stephen Hill","NYJ","22","12","11"
"SmitSt01","Steve Smith","/players/S/SmitSt01.htm","Steve Smith","CAR","34","15","15"
"DossTa00","Tandon Doss","/players/D/DossTa00.htm","Tandon Doss","BAL","24","15","2"
"ThomTa00","Taylor Thompson","/players/T/ThomTa00.htm","Taylor Thompson","TEN","24","16","3"
"WillTe00","Teddy Williams","/players/W/WillTe00.htm","Teddy Williams","ARI","25","3","0"
"UndeTi00","Tiquan Underwood","/players/U/UndeTi00.htm","Tiquan Underwood","TAM","26","12","7"
"CrabTo00","Tom Crabtree","/players/C/CrabTo00.htm","Tom Crabtree","TAM","28","7","5"
"FiamTo00","Tony Fiammetta","/players/F/FiamTo00.htm","Tony Fiammetta","CHI","27","16","7"
"GonzTo00","Tony Gonzalez","/players/G/GonzTo00.htm","Tony Gonzalez*","ATL","37","16","16"
"ScheTo00","Tony Scheffler","/players/S/ScheTo00.htm","Tony Scheffler","DET","30","5","1"
"GurlTo00","Tori Gurley","/players/G/GurlTo00.htm","Tori Gurley","CLE","26","3","0"
"SmitTo02","Torrey Smith","/players/S/SmitTo02.htm","Torrey Smith","BAL","24","16","16"
"CadeTr00","Travaris Cadet","/players/C/CadeTr00.htm","Travaris Cadet","NOR","24","13","0"
"ClutTy00","Tyler Clutts","/players/C/ClutTy00.htm","Tyler Clutts","2TM","29","8","1"
"EifeTy00","Tyler Eifert","/players/E/EifeTy00.htm","Tyler Eifert","CIN","23","15","15"
"McDoVa00","Vance McDonald","/players/M/McDoVa00.htm","Vance McDonald","SFO","23","15","4"
"DaviVe00","Vernon Davis","/players/D/DaviVe00.htm","Vernon Davis*","SFO","29","15","15"
"CruzVi00","Victor Cruz","/players/C/CruzVi00.htm","Victor Cruz","NYG","27","14","13"
"BrowVi00","Vincent Brown","/players/B/BrowVi00.htm","Vincent Brown","SDG","24","16","10"
"GreeVi00","Virgil Green","/players/G/GreeVi00.htm","Virgil Green","DEN","25","16","3"
"ShiaVi00","Visanthe Shiancoe","/players/S/ShiaVi00.htm","Visanthe Shiancoe","TEN","33","1","1"
"WelkWe00","Wes Welker","/players/W/WelkWe00.htm","Wes Welker","DEN","32","13","13"
"SaunWe00","Weslye Saunders","/players/S/SaunWe00.htm","Weslye Saunders","IND","24","6","1"
"JohnWi00","Will Johnson","/players/J/JohnWi00.htm","Will Johnson","PIT","24","15","4"
"ErtzZa00","Zach Ertz","/players/E/ErtzZa00.htm","Zach Ertz","PHI","23","16","2"
"LineZa01","Zach Line","/players/L/LineZa01.htm","Zach Line","MIN","24","3","1"
"MillZa01","Zach Miller","/players/M/MillZa01.htm","Zach Miller","SEA","28","14","12"
"SudfZa00","Zach Sudfeld","/players/S/SudfZa00.htm","Zach Sudfeld","2TM","24","14","2"
